characters_araber;Araber
characters_butler;Butler
characters_direktor;Direktor
characters_ohi;Ohi
characters_wachmann;Wachmann
texts_a10_eingangsbereich_haupthalle_mo_leave_1;Go into the main hall
sequences_a10_eingangsbereich_haupthalle_leave_1#1;[Ohi begins to walk down the big stairs.]
texts_a10_eingangsbereich_tuer_wachstube_mo_ex_1;Look in the guardroom
sequences_a10_eingangsbereich_tuer_wachstube_ex_1#1;[Ohio stands in the door, looking at the security station.]
spokentexts_a10_eingangsbereich_tuer_wachstube_ex_1_st_1;The guard is still unconscious. Not terribly polite to just leave him there, but I think he'll be fine.
spokentexts_a10_eingangsbereich_tuer_wachstube_ex_2_st_1;I wonder where the other guards are. Hmm. Probably also lying unconscious elsewhere in the museum.
spokentexts_a10_eingangsbereich_tuer_wachstube_ex_2_st_2;The police will take care of the guards... and hopefully check whether they really are who they claim to be.
texts_a11_eingangsbereich_ausgang_mo_ex_1;Examine the metal bulkhead
spokentexts_a11_eingangsbereich_ausgang_ex_1_st_1;The explosion occurred a few minutes ago. I should hear sirens any moment.
spokentexts_a11_eingangsbereich_ausgang_ex_1_st_2;Once that happens, I won't be able to stop the constable and the director from opening the doors.
texts_a11_eingangsbereich_tor_schatzkammer_mo_ex_1;Examine the metal tube
texts_a11_eingangsbereich_tor_schatzkammer_mo_ex_2;Call Constable Oliver
spokentexts_a11_eingangsbereich_tor_schatzkammer_ex_2_st_1;The constable thinks I'm below him in the basement. If I call him from here, he might fall into the hole out of shock.
spokentexts_a11_eingangsbereich_tor_schatzkammer_ex_2_st_2;Besides, it's an advantage if he thinks that there's only one exit and that it's locked. I'll have more time for my investigation.
spokentexts_a11_eingangsbereich_tor_schatzkammer_ex_1_st_1;I can't open the gate alone... and I don't want to anyway. I have my own entrance in the basement.
sequences_a11_eingangsbereich_seq_a11_eingangsbereich_oehi_direktor_erstmalig#0;[Cut to the director, he's tired and desperate sitting there with his head hanging.]
sequences_a11_eingangsbereich_seq_a11_eingangsbereich_oehi_direktor_erstmalig#1;[Ohis feet comes into the picture. The director looks up and gasps.]
spokentexts_a11_eingangsbereich_seq_a11_eingangsbereich_oehi_direktor_erstmalig_st_1_direction;scared
spokentexts_a11_eingangsbereich_seq_a11_eingangsbereich_oehi_direktor_erstmalig_st_1;Ahh!
spokentexts_a11_eingangsbereich_seq_a11_eingangsbereich_oehi_direktor_erstmalig_st_2_direction;perplexed
spokentexts_a11_eingangsbereich_seq_a11_eingangsbereich_oehi_direktor_erstmalig_st_2;What are YOU doing here? You were just...
sequences_a11_eingangsbereich_seq_a11_eingangsbereich_oehi_direktor_erstmalig#4;[Cut back to the shot.]
spokentexts_a11_eingangsbereich_seq_a11_eingangsbereich_oehi_direktor_erstmalig_st_3;I found another exit.
spokentexts_a11_eingangsbereich_seq_a11_eingangsbereich_oehi_direktor_erstmalig_st_4;The Eye?
spokentexts_a11_eingangsbereich_seq_a11_eingangsbereich_oehi_direktor_erstmalig_st_5;Gone.
spokentexts_a11_eingangsbereich_seq_a11_eingangsbereich_oehi_direktor_erstmalig_st_6;The Raven blasted a hole in the floor of the treasure chamber. There's a hidden basement beneath it.
spokentexts_a11_eingangsbereich_seq_a11_eingangsbereich_oehi_direktor_erstmalig_st_7_direction;anxious
spokentexts_a11_eingangsbereich_seq_a11_eingangsbereich_oehi_direktor_erstmalig_st_7;And... And the other treasures?
spokentexts_a11_eingangsbereich_seq_a11_eingangsbereich_oehi_direktor_erstmalig_st_8;It doesn't look good.
spokentexts_a11_eingangsbereich_seq_a11_eingangsbereich_oehi_direktor_erstmalig_st_9_direction;weak, desperate
spokentexts_a11_eingangsbereich_seq_a11_eingangsbereich_oehi_direktor_erstmalig_st_9;Oh, oh no.
sequences_a11_eingangsbereich_seq_a11_eingangsbereich_oehi_direktor_erstmalig#12;[The director's lays his hands on his face.]
texts_a11_haupthalle_geheimtuer_mo_leave_1;Go into the secret basement.
sequences_a11_haupthalle_geheimtuer_leave_1#1;[Ohio goes back through the secret door in the basement.]
texts_a11_haupthalle_kanope_affe_mo_ex_1;Examine the baboon-shaped canopic jar
spokentexts_a11_haupthalle_kanope_affe_ex_1_st_1_direction;reads
spokentexts_a11_haupthalle_kanope_affe_ex_1_st_1;"""Hapi, lungs."""
texts_a11_haupthalle_kanope_erklaerungstafel_mo_ex_1__2;Examine the board
spokentexts_a11_haupthalle_kanope_erklaerungstafel_ex_1_st_1_direction;reads
spokentexts_a11_haupthalle_kanope_erklaerungstafel_ex_1_st_1;"""The four Sons of Horus, Amset, Hapi, Duamutef and Kebechsenuef, are children of the god Horus the Elder and the goddess Isis."""
spokentexts_a11_haupthalle_kanope_erklaerungstafel_ex_1_st_2_direction;reads
spokentexts_a11_haupthalle_kanope_erklaerungstafel_ex_1_st_2;"""They are believed to protect canopic jars, which contain the internal organs of people who were mummified in ancient Egypt."
spokentexts_a11_haupthalle_kanope_erklaerungstafel_ex_1_st_3_direction;reads
spokentexts_a11_haupthalle_kanope_erklaerungstafel_ex_1_st_3;"""As stellar gods they are associated with the four cardinal directions. For that reason, their names were written on the four corners of the coffins during the Middle Kingdom period."""
spokentexts_a11_haupthalle_kanope_erklaerungstafel_ex_1_st_4;Aha! Four sons, four cardinal directions!
spokentexts_a11_haupthalle_kanope_erklaerungstafel_ex_2_st_1;Each Son of Horus is associated with a cardinal direction.
spokentexts_a11_haupthalle_kanope_erklaerungstafel_ex_2_st_2;The only question is which cardinal direction belongs to which son.
spokentexts_a11_haupthalle_kanope_erklaerungstafel_ex_2_st_3;From the sign beside the sarcophagus I know that Hapi is the North, Amset is the South, Kebechsenuef is the West and Duamutef is the East.
texts_a11_haupthalle_kanope_mensch_mo_ex_1;Examine the human-shaped canopic jar 
spokentexts_a11_haupthalle_kanope_mensch_ex_1_st_1_direction;reads
spokentexts_a11_haupthalle_kanope_mensch_ex_1_st_1;"The sign says: ""Amset, liver."""
texts_a11_haupthalle_kanope_schakal_mo_ex_1;Examine the jackal-shaped canopic jar
spokentexts_a11_haupthalle_kanope_schakal_ex_1_st_1_direction;reads
spokentexts_a11_haupthalle_kanope_schakal_ex_1_st_1;"Here we have: ""Duamutef, stomach."""
texts_a11_haupthalle_kanope_vogel_mo_ex_1;Examine the falcon-shaped canopic jar
spokentexts_a11_haupthalle_kanope_vogel_ex_1_st_1_direction;reads
spokentexts_a11_haupthalle_kanope_vogel_ex_1_st_1;"""Kebechsenuef, intestines."""
texts_a11_haupthalle_kanopen_mo_ex_1a__1b__2;Examine the canopic jars
spokentexts_a11_haupthalle_kanopen_ex_1a_st_1;Various containers. Maybe they contained funerary objects.
spokentexts_a11_haupthalle_kanopen_ex_1b_st_1;The lids depict animals and a person. That alone doesn't really help me.
spokentexts_a11_haupthalle_kanopen_ex_2_st_1;Must be the canopic jars the director was talking about. One jar for each of the four Sons of Horus.
texts_a11_haupthalle_sarkophag_erklaerungstafel_mo_ex_1__2;Examine the board
spokentexts_a11_haupthalle_sarkophag_erklaerungstafel_ex_1_st_1_direction;reads
spokentexts_a11_haupthalle_sarkophag_erklaerungstafel_ex_1_st_1;"""Sarcophagus from the Old Kingdom... Hmm... Unknown ruler..."" Here we go!"
spokentexts_a11_haupthalle_sarkophag_erklaerungstafel_ex_1_st_2_direction;reads
spokentexts_a11_haupthalle_sarkophag_erklaerungstafel_ex_1_st_2;"""On the front you can see the tutelary deities Amset and Hapi."""
spokentexts_a11_haupthalle_sarkophag_erklaerungstafel_ex_1_st_3_direction;reads
spokentexts_a11_haupthalle_sarkophag_erklaerungstafel_ex_1_st_3;"""At a later date it became traditional to show all four Sons of Horus on all four sides of the sarcophagus."" Each son signified a cardinal direction."""
spokentexts_a11_haupthalle_sarkophag_erklaerungstafel_ex_1_st_4_direction;reads
spokentexts_a11_haupthalle_sarkophag_erklaerungstafel_ex_1_st_4;"""Hapi the North, Amset the South, Kebechsenuef the West and Duamutef the East."""
spokentexts_a11_haupthalle_sarkophag_erklaerungstafel_ex_2_st_1;Each Son of Horus is associated with a cardinal direction and a symbol.
spokentexts_a11_haupthalle_sarkophag_erklaerungstafel_ex_2_st_2;Hapi is the North, Amset is the South, Kebechsenuef is the West and Duamutef is the East.
texts_a11_haupthalle_sarkophag_mo_ex_1;Examine the sarcophagus
spokentexts_a11_haupthalle_sarkophag_ex_1_st_1;The museum still has plenty to offer, despite the senseless destruction in the treasure chamber.
sequences_a11_haupthalle_sarkophag_ex_2#1;[Ohi goes to the sarcophagus, looks at him.]
spokentexts_a11_haupthalle_sarkophag_ex_2_st_1;There are actually two of the four Sons of Horus on the front side of the sarcophagus. A man and a monkey.
texts_a11_haupthalle_treppe_mo_leave_1;Go to the entrance
sequences_a11_haupthalle_treppe_leave_1#1;[Ohio begins to go up the stairs towards the entrance.]
texts_a11_items_funkanlage_mo_ex_1;Examine the radio set
spokentexts_a11_items_funkanlage_ex_1_st_1;Leftover from the war, if I had to guess.
spokentexts_a11_items_funkanlage_ex_1_st_2;And why not? So high above the city... It's the perfect place for a secret radio installation.
texts_a11_rabennest_stuhl_mo_ex_1;Examine the chair
spokentexts_a11_rabennest_stuhl_ex_1_st_1_direction;Heavy Breathing
spokentexts_a11_rabennest_stuhl_ex_1_st_1;The chair is the only object that's not covered with dust. It seems like someone sat on it recently.
sequences_a11_rabennest_stuhl_ex_1#2;[Ohi goes around the chair, looking at him more closely.]
spokentexts_a11_rabennest_stuhl_ex_1_st_2_direction;Heavy Breathing
spokentexts_a11_rabennest_stuhl_ex_1_st_2;Handcuffs.
spokentexts_a11_rabennest_stuhl_ex_1_st_3_direction;Breathing slightly better
spokentexts_a11_rabennest_stuhl_ex_1_st_3;Not what I expected. Was someone interrogated here?
sequences_a11_rabennest_stuhl_ex_1#13;[Behind Ohi the floor creaks. Ohi gets startled, but don't turns.]
spokentexts_a11_rabennest_stuhl_ex_1_st_4_direction;Startled, swallow
spokentexts_a11_rabennest_stuhl_ex_1_st_4;Hhh. Hgm.
sequences_a11_rabennest_stuhl_ex_1#6;[Cut to a dark corner.]
sequences_a11_rabennest_stuhl_ex_1#7;[A shadow moves. The tips of the shoes of the man step into the light, and the rest remains in the dark.]
sequences_a11_rabennest_stuhl_ex_1#8;[Cut back.]
sequences_a11_rabennest_stuhl_ex_1#9;[Ohi turns anxious, takes a step back. Then he pulled himself together and takes attitude.]
spokentexts_a11_rabennest_stuhl_ex_1_st_5_direction;trying to sound brave
spokentexts_a11_rabennest_stuhl_ex_1_st_5;The Raven, if I'm not mistaken?
sequences_a11_rabennest_stuhl_ex_1#11;[The man nods.]
spokentexts_a11_rabennest_stuhl_ex_1_st_6;Why don't you step into the light...
texts_a11_rabennest_taubennester_mo_ex_1;Look at the pigeon nests
spokentexts_a11_rabennest_taubennester_ex_1_st_1;An old roof like this must be paradise for pigeons. Seems like there are dozens of them up there.
spokentexts_a11_rabennest_taubennester_ex_1_st_2;I can't see them, but I can certainly hear them...
spokentexts_a11_rabennest_taubennester_ex_1_st_3;...and smell them.
texts_a11_rabennest_treppe_mo_leave_1;Go back downstairs
spokentexts_a11_rabennest_treppe_leave_1_st_1_direction;Heavy Breathing
spokentexts_a11_rabennest_treppe_leave_1_st_1;I just went upstairs!
spokentexts_a11_rabennest_treppe_leave_1_st_2_direction;Heavy Breathing
spokentexts_a11_rabennest_treppe_leave_1_st_2;Under no circumstances will I go back downstairs without having found anything up here.
texts_a11_rabennest_ventilator_mo_ex_1;Examine the fan
texts_a11_rabennest_ventilator_mo_use_1;Turn on the fan
spokentexts_a11_rabennest_ventilator_ex_1_st_1;Must be unbearably hot up here in the summer.
spokentexts_a11_rabennest_ventilator_ex_1_st_2;But it's bearable at the moment.
spokentexts_a11_rabennest_ventilator_use_1_st_1;I'd better leave it off.
spokentexts_a11_rabennest_ventilator_use_1_st_2;It'd probably just stir up dust.
sequences_a11_rabennest_seq_a11_rabennest_ankunft#0;[Fade in. We see the exit toward the stairs.]
sequences_a11_rabennest_seq_a11_rabennest_ankunft#1;[Ohi is going up the last stairs, keeps itself with last power on to a wall (idle).]
spokentexts_a11_rabennest_seq_a11_rabennest_ankunft_st_2_direction;severely out of breath
spokentexts_a11_rabennest_seq_a11_rabennest_ankunft_st_2;Two hundred steps at least! And a ladder! I'm too old for this.
sequences_a11_rabennest_seq_a11_rabennest_ankunft#5;[Ohi is letting the wall, stands up to normal.]
spokentexts_a11_rabennest_seq_a11_rabennest_falsch_geraten_st_1;Wrong, Constable Zellner.
sequences_a11_rabennest_seq_a11_rabennest_falsch_geraten#1;[Short pause. Then the butler peels out of the darkness turns into light.]
spokentexts_a11_rabennest_seq_a11_rabennest_falsch_geraten_st_2_direction;unbelieving
spokentexts_a11_rabennest_seq_a11_rabennest_falsch_geraten_st_2;Mr. Inch...
sequences_a11_rabennest_seq_a11_rabennest_falsch_geraten#3;[The Butler indictaes a bow.]
spokentexts_a11_rabennest_seq_a11_rabennest_falsch_geraten_st_3;It is astonishing how far you've come.
spokentexts_butler_top_a11_butler_raten_butler_tseq_st_3;I thought young Legrand would be my most dangerous opponent...
spokentexts_butler_top_a11_butler_raten_butler_tseq_st_4;But it seems I should have had more respect for age.
texts_a11_keller_dokumente_mo_ex_1__2;Examine the desk
spokentexts_a11_keller_dokumente_ex_1_st_1_direction;loud
spokentexts_a11_keller_dokumente_ex_1_st_1;Shine the light over there, please!
sequences_a11_keller_dokumente_ex_1#4;[The guard lights on the desk.]
spokentexts_a11_keller_dokumente_ex_1_st_2;Interesting. Documents, maps, letters...
spokentexts_a11_keller_dokumente_ex_1_st_3;All of them at least 20, 30 years old.
spokentexts_a11_keller_dokumente_ex_2_st_1_direction;loud
spokentexts_a11_keller_dokumente_ex_2_st_1;Shine the light on the desk again!
sequences_a11_keller_dokumente_ex_2#4;[The guard lights on the desk.]
spokentexts_a11_keller_dokumente_ex_2_st_2;I wonder how the Raven knew about the secret basement.
spokentexts_a11_keller_dokumente_ex_2_st_3_direction;thoughtfully
spokentexts_a11_keller_dokumente_ex_2_st_3;He must have done some research and then paid someone for the missing information.
texts_a11_keller_klappe_mo_ex_1;Examine the hatch
texts_a11_keller_klappe_mo_leave_1;Go into the great hall
texts_a11_keller_klappe_mo_use_1;Open the hatch
spokentexts_a11_keller_klappe_ex_1_st_1;What's that?
spokentexts_a11_keller_klappe_ex_1_st_2_direction;loud
spokentexts_a11_keller_klappe_ex_1_st_2;Hey! Don't go too far away!
spokentexts_a11_keller_klappe_ex_1_st_3_direction;loud
spokentexts_a11_keller_klappe_ex_1_st_3;Come down and stop me!
spokentexts_a11_keller_klappe_ex_1_st_4_direction;loud
spokentexts_a11_keller_klappe_ex_1_st_4;Or stay there and give me some light!
sequences_a11_keller_klappe_ex_1#5;[The guard lights in Ohis direction.]
spokentexts_a11_keller_klappe_ex_1_st_5;Interesting... Some kind of wooden hatch.
spokentexts_a11_keller_klappe_ex_1_st_6;There are two hinges on this side. There's a kind of metal hook holding the hatch closed.
spokentexts_a11_keller_klappe_ex_2_st_1;I have to hurry. The gates will open sooner or later and then the museum will be crawling with people.
sequences_a11_keller_klappe_leave_1#1;[Ohi goes from the basement to the big hall.]
spokentexts_a11_keller_klappe_leave_2_st_1;No. The Raven escaped via the stairs. Every minute counts!
spokentexts_a11_keller_klappe_leave_2_st_2;Constable Oliver and the director can open the gates and meet Legrand and the others. I need to go up!
spokentexts_a11_keller_klappe_use_1_st_1_direction;slightly annoyed, loud
spokentexts_a11_keller_klappe_use_1_st_1;Constable! Light!
sequences_a11_keller_klappe_use_1#4;[The guard lights toward the door.]
sequences_a11_keller_klappe_use_1#5;[Ohi opens the lock, opens the flap. Light shines through two small round peepholes.]
sequences_a11_keller_klappe_use_1#6;[Cut to the big hall with the speaking statue.]
sequences_a11_keller_klappe_use_1#7;[In the near of the statue you can see the two small holes in the wall decoration.]
spokentexts_a11_keller_klappe_use_1_st_2_direction;muffled from behind the wall, ghostly voice
spokentexts_a11_keller_klappe_use_1_st_2;I'm the talking statue! I really like to teach bad words to the little boys!
spokentexts_a11_keller_klappe_use_1_st_3_direction;muffled from behind the wall
spokentexts_a11_keller_klappe_use_1_st_3;At least that riddle is solved now.
sequences_a11_keller_klappe_use_1#10;[Cut back to the basement.]
sequences_a11_keller_klappe_use_1#11;[Ohi takes a step back, looks at the wall.]
spokentexts_a11_keller_klappe_use_1_st_4;Peepholes... And I suspect... Yes!
sequences_a11_keller_klappe_use_1#13;[Ohi pulls a bolt, which he has discovered, and presses the secret door to the big hall.]
sequences_a11_keller_klappe_use_1#14;[Cut to the big hall.]
sequences_a11_keller_klappe_use_1#15;[Ohi comes out of the secret door, he's looking around.]
spokentexts_a11_keller_klappe_use_1_st_5;Hmm. The Raven couldn't have gone this way. We'd have seen him and he couldn't have closed the bolt from outside.
spokentexts_a11_keller_klappe_use_1_st_6;There must be another entrance.
spokentexts_a11_keller_klappe_use_st_9;I'm positive he escaped through the other secret door.
sequences_a11_keller_klappe_use_1#18;[Ohi goes back to the cellar.]
sequences_a11_keller_klappe_use_1#19;[Cut back to the basement.]
spokentexts_a11_keller_klappe_use_1_st_7_direction;loud
spokentexts_a11_keller_klappe_use_1_st_7;Why is it suddenly so bright down there?
spokentexts_a11_keller_klappe_use_1_st_8_direction;loud
spokentexts_a11_keller_klappe_use_1_st_8;I found the light switch.
texts_a11_keller_lichtschalter_mo_ex_1;Examine the light switch
spokentexts_a11_keller_lichtschalter_ex_1_st_1;There used to be a lamp hanging here. Now there's just the socket. The bulb was destroyed in the explosion.
texts_a11_keller_loch_mo_talk_mit_1-3;Talk to Constable Oliver
spokentexts_a11_keller_loch_ex_1_st_1;Robert Oliver. The human searchlight!
spokentexts_a11_keller_loch_talk_mit_1_st_1;Are you all right?
spokentexts_a11_keller_loch_talk_mit_1_st_2;Yes, yes. Have you found an escape route?
spokentexts_a11_keller_loch_talk_mit_1_st_3;I'm working on it.
sequences_a11_keller_loch_talk_mit_2#1;[Ohi goes to the hole, looks up.]
spokentexts_a11_keller_loch_talk_mit_2_st_1;For the last time. I need the lamp, Robert. I need it NOW.
spokentexts_a11_keller_loch_talk_mit_2_st_2;Let's wait for Legrand. The Raven is trapped and the inspector should be here any moment!
spokentexts_a11_keller_loch_talk_mit_3_st_1;Constable Oliver has his heart in the right place, but that doesn't make him the right man for the job.
spokentexts_a11_keller_loch_talk_mit_3_st_2_direction;loud
spokentexts_a11_keller_loch_talk_mit_3_st_2;Everything OK, Robert? Or did the mummies get you already.
spokentexts_a11_keller_loch_talk_mit_3_st_3_direction;offended
spokentexts_a11_keller_loch_talk_mit_3_st_3;Ha ha.
texts_a11_keller_seil_mo_use_1__2;Climb back up
spokentexts_a11_schatzkammer_seil_ex_1_st_1;Not the best rope in the world, but it will have to do.
spokentexts_a11_keller_seil_use_1_st_1;No. I am where I want to be.
spokentexts_a11_keller_seil_use_1_st_2;The Raven was here just a few minutes ago. I have to find an escape route.
sequences_a11_keller_seil_use_1#3;[Goes off until the door to the secret door toward the roof was open.]
texts_a11_keller_stadtplan_mo_ex_1;Examine the map
spokentexts__seq_a11_keller_stadtplan_ex_1_st_1_direction;loud
spokentexts__seq_a11_keller_stadtplan_ex_1_st_1;Shine the light on the wall, Robert.
spokentexts_a11_keller_stadtplan_ex_1_st_1;Hmm. A map of Cairo. It's covered with hundreds of small holes and there are some pins on the floor.
spokentexts_a11_keller_stadtplan_ex_1_st_2;There's a date in the corner: 1940.
texts_a11_keller_vitrine_mo_ex_1;Examine the display case
spokentexts_a11_keller_vitrine_ex_1_st_1_direction;loud
spokentexts_a11_keller_vitrine_ex_1_st_1;I'm going to examine the display case now.
sequences_a11_keller_vitrine_ex_1#4;[The guard lights on  the glass case.]
sequences_a11_keller_vitrine_ex_1#5;[Ohi kneels down beside the crashed glass case, examins it.]
spokentexts_a11_keller_vitrine_ex_1_st_2_direction;loud
spokentexts_a11_keller_vitrine_ex_1_st_2;As I expected.
spokentexts_a11_keller_vitrine_ex_1_st_3_direction;loud
spokentexts_a11_keller_vitrine_ex_1_st_3;Empty?
spokentexts_a11_keller_vitrine_ex_1_st_4_direction;loud
spokentexts_a11_keller_vitrine_ex_1_st_4;Yes. The display case didn't survive the fall. The thief just had to pluck the jewel out.
sequences_a11_keller_vitrine_ex_1#9;[Ohi gets up itself again.]
spokentexts_a11_keller_vitrine_ex_2_st_1;Actually, I thought the display case would survive the fall more or less unscathed.
spokentexts_a11_keller_vitrine_ex_2_st_2;And three of the four windows did survive. Hmm...
texts_a11_keller_wand_mo_ex_1;Examine the letters
texts_a11_keller_wand_mo_ex_2;Examine the wall
texts_a11_keller_wand_mo_leave_1;Go upstairs
texts_a11_keller_wand_mo_use_1;Use the mechanism
sequences_a11_keller_wand_ex_1#1;[Ohi goes  to the wall, looking at it. Then he begins to sense the gaps in the secret door, and finally scan the ground.]
spokentexts_a11_keller_wand_ex_1_st_1_direction;loud
spokentexts_a11_keller_wand_ex_1_st_1;There are cracks in the wall and scuff marks on the floor!
spokentexts_a11_keller_wand_ex_1_st_2_direction;loud
spokentexts_a11_keller_wand_ex_1_st_2;A secret door!?
spokentexts_a11_keller_wand_ex_1_st_3;And probably the Raven's escape route.
spokentexts_a11_keller_wand_ex_1_st_4_direction;loud
spokentexts_a11_keller_wand_ex_1_st_4;Can you open it?
sequences_a11_keller_wand_ex_1#6;[Ohi scans the surface, but can not feel a grip. He tries to come in with his fingers, but the door does not move.]
spokentexts_a11_keller_wand_ex_1_st_5_direction;loud
spokentexts_a11_keller_wand_ex_1_st_5;There are several... panels. And kind of a handle. But I can't turn or pull or push it.
spokentexts_a11_keller_wand_ex_1_st_6_direction;loud
spokentexts_a11_keller_wand_ex_1_st_6;Something's written here... but it's too dark.
spokentexts_a11_keller_wand_ex_1_st_7_direction;loud
spokentexts_a11_keller_wand_ex_1_st_7;Hurry down with the light!
spokentexts_a11_keller_wand_ex_1_st_8_direction;loud
spokentexts_a11_keller_wand_ex_1_st_8;No. The Raven is trapped. We should call Legrand.
sequences_a11_keller_wand_ex_1#11;[Ohi goes to the hole, looks up.]
sequences_a11_keller_wand_ex_2#1;[Ohi goes to the hole, looks up.]
spokentexts_a11_keller_wand_ex_2_st_1;Damn it, Robert. I can't see what's written on the wall. I NEED the flashlight. NOW.
spokentexts_a11_keller_wand_leave_1_st_1_direction;loud
spokentexts_a11_keller_wand_leave_1_st_1;He's up there, Robert. I know that.
spokentexts_a11_keller_wand_leave_1_st_2_direction;loud
spokentexts_a11_keller_wand_leave_1_st_2;That may be. Go into the guardroom and open the gates!
sequences_a11_keller_wand_leave_1#3;[Ohio looks from the secret door to the door to the big hall and thinks. Which door should he take? Then he makes a decision and goes through the door to the Rough.]
spokentexts_a11_keller_wand_leave_1_st_3_direction;loud
spokentexts_a11_keller_wand_leave_1_st_3;Tell the director.
spokentexts_a11_keller_wand_leave_1_st_4_direction;loud
spokentexts_a11_keller_wand_leave_1_st_4;Zellner! Don't do it! It's too dangerous!
spokentexts_a11_keller_wand_leave_1_st_5_direction;loud
spokentexts_a11_keller_wand_leave_1_st_5;You can't stop me! Not anymore!
sequences_a11_keller_wand_leave_1#7;[Ohi begins to climb up the stairs.]
texts_a11_minigame_geheimtuer_schriftzeichen_mo_ex_1__2__3;Examine the letters
spokentexts_a11_minigame_geheimtuer_schriftzeichen_ex_1_st_1;If it was just another language with a Latin alphabet, I might be able to guess the meaning.
spokentexts_a11_minigame_geheimtuer_schriftzeichen_ex_1_st_2;But I'm lost when it comes to Arabic.
spokentexts_a11_minigame_geheimtuer_schriftzeichen_ex_1_st_3;I'll write them down. It could be a hint about how to open the door.
sequences_a11_minigame_geheimtuer_schriftzeichen_ex_1#4;[Ohio takes out his notebook and paints the signs carefully. Then he puts it back on.]
sequences_a11_minigame_geheimtuer_schriftzeichen_ex_1#5;[From now on, a notice is in the notebook.]
spokentexts__seq_a11_minigame_geheimtuer_erstmalig_st_1_direction;studied the characters 
spokentexts__seq_a11_minigame_geheimtuer_erstmalig_st_1;That... is interesting.
spokentexts__seq_a11_minigame_geheimtuer_erstmalig_st_2;Four discs... hmm. An extravagant combination lock. 
sequences__seq_a11_minigame_geheimtuer_geloest#0;[Ohi takes the hand of the mechanism and is loooking satisfied at his work.]
sequences__seq_a11_minigame_geheimtuer_geloest#1;[We hear how the door is being unlocked, maybe it opens a piece. Ohi stands up against it, the door opens fully. Behind that stairs are visible.]
spokentexts__seq_a11_minigame_geheimtuer_geloest_st_1_direction;grim satisfaction
spokentexts__seq_a11_minigame_geheimtuer_geloest_st_1;There we go.
sequences_a11_keller_seq_a11_keller_ankunft#0;[Cut to the basement.]
sequences_a11_keller_seq_a11_keller_ankunft#1;[Ohi falls the last two feet down, let go of the rope.]
spokentexts_a11_keller_seq_a11_keller_ankunft_st_1;I'm down!
sequences_a11_keller_seq_a11_keller_ankunft#3;[Ohi looks around, then looks up.]
spokentexts_a11_keller_seq_a11_keller_ankunft_st_2;Give me some light, Robert.
sequences_a11_keller_seq_a11_keller_ankunft#5;[The guard lights from above into the basement on the glass case.]
spokentexts_a11_keller_seq_a11_keller_oehi_bekommt_lampe_st_1;Okay. Here's what we'll do. I'll hand you the lamp and you open the door. Then we guard the door and wait for backup.
spokentexts_a11_keller_seq_a11_keller_oehi_bekommt_lampe_st_2;I couldn't have put it better myself!
spokentexts_a11_keller_seq_a11_keller_oehi_bekommt_lampe_st_3_direction;makes himself courage
spokentexts_a11_keller_seq_a11_keller_oehi_bekommt_lampe_st_3;Pfff. Catch!
sequences_a11_keller_seq_a11_keller_oehi_bekommt_lampe#3;[The torch is been thrown through the hole. Ohi catches it.]
spokentexts_a11_keller_seq_a11_keller_oehi_bekommt_lampe_st_4;But hurry! I don't want to think about the fact that I'm standing here in the dark surrounded by mummies!
sequences_a11_keller_seq_a11_keller_oehi_bekommt_lampe#5;[Ohi puts the lamp in a position so (on a desk, chair, etc.), that it illuminates the wall.]
spokentexts_a11_keller_seq_a11_keller_oehi_bekommt_lampe_st_5;That's better.
spokentexts_a11_keller_seq_erstes_betreten_grosse_halle_geheimtuer_st_1;Zellner? Is that you?
spokentexts_a11_keller_seq_erstes_betreten_grosse_halle_geheimtuer_st_2_direction;with adjusted voice
spokentexts_a11_keller_seq_erstes_betreten_grosse_halle_geheimtuer_st_2;It is I, THE RAVEN.
spokentexts_a11_keller_seq_erstes_betreten_grosse_halle_geheimtuer_st_3;Agh. Did you find an exit?
spokentexts_a11_keller_seq_erstes_betreten_grosse_halle_geheimtuer_st_4;Err, no. I'm still looking. The basement is quite large.
spokentexts_a11_keller_seq_erstes_betreten_grosse_halle_geheimtuer_st_5;Okay. Don't go too far away!
texts_a11_schatzkammer_kamera_mo_ex_1__2;Examine the surveillance camera
spokentexts_a11_schatzkammer_kamera_ex_1_st_1;I suppose the camera was hit by a chunk of flying debris.
spokentexts_a11_schatzkammer_kamera_ex_1_st_2;It would be interesting to know who or what covered the lens before.
spokentexts_a11_schatzkammer_kamera_ex_1_st_3;After all, it's three meters up!
spokentexts_a11_schatzkammer_kamera_ex_1_st_4;Too bad about the new technology.
texts_a11_schatzkammer_kordel1_mo_ex_1__2;Examine the cord
texts_a11_schatzkammer_kordel1_mo_take_1;Take the cord
texts_a11_schatzkammer_kordel1_mo_use_1;Use the cord with...
texts_a11_schatzkammer_kordel1_mo_used_mit_kordel_2;Connect the cords
spokentexts_a11_schatzkammer_kordel1_ex_1_st_1;The remains of the cordon.
sequences_a11_schatzkammer_kordel1_ex_1#2;[Ohi pulls the cord out of the rubble, looks at it. The hook, with which the cord was attached on one side on the stand, is pulled down.]
sequences_a11_schatzkammer_kordel1_ex_1#6;[Ohi pulls the cord. The other end is still attached to a metal stand that is spilled.]
spokentexts_a11_schatzkammer_kordel1_ex_1_st_4;Give me some light!
sequences_a11_schatzkammer_kordel1_ex_1#8;[The guard lights on the stand.]
sequences_a11_schatzkammer_kordel1_ex_1#9;[Ohi tries to pull out the rack, but gives up and takes only the metal lock.]
spokentexts_a11_schatzkammer_kordel1_ex_1_st_5_direction;This wont work
spokentexts_a11_schatzkammer_kordel1_ex_1_st_5;Hmmm.
sequences_a11_schatzkammer_kordel1_ex_1#11;[Ohi throws the cord in front of the hole to the bottom.]
spokentexts_a11_schatzkammer_kordel1_ex_2_st_1;The cord should hold my weight, but it's too short!
sequences_a11_schatzkammer_kordel1_take_1#1;[Ohi pulls the cord. The other end is still attached to a metal stand that is spilled.]
spokentexts_a11_schatzkammer_kordel1_take_1_st_1;Give me some light!
sequences_a11_schatzkammer_kordel1_take_1#3;[The guard lights on the stand.]
sequences_a11_schatzkammer_kordel1_take_1#4;[Ohi tries to pull out the rack, but gives up and takes only the metal lock.]
spokentexts_a11_schatzkammer_kordel1_take_1_st_2_direction;This wont work
spokentexts_a11_schatzkammer_kordel1_take_1_st_2;Hmmm.
sequences_a11_schatzkammer_kordel1_take_1#6;[Ohi throws the cord in front of the hole to the bottom.]
sequences_a11_schatzkammer_kordel1_use_1#1;[As soon as you click on the cord, it sticks to the cursor and you can use the cord with the other one.]
sequences_a11_schatzkammer_kordel1_used_mit_kordel2#1;[Ohi takes the two loose ends of the cords and locks them together. Then he pulls them as a test.]
spokentexts_a11_schatzkammer_kordel1_used_mit_kordel2_st_1;The clasps aren't really made for heavy weights. But I think they're strong enough.
sequences_a11_schatzkammer_kordel1_used_mit_kordel2#3;[Ohi places the cords.]
spokentexts_a11_schatzkammer_loch_ex_3a_st_1;The floor of the basement is almost four meters below us and covered in rubble. Jumping would be too dangerous.
texts_a11_schatzkammer_kordel2_mo_ex_1__2;Examine the cord
texts_a11_schatzkammer_kordel2_mo_take_1;Take the cord
texts_a11_schatzkammer_kordel2_mo_use_1;Use the cord with...
texts_a11_schatzkammer_kordel2_mo_used_mit_kordel_2;Connect the cords
sequences_a11_schatzkammer_kordel2_ex_1#1;[Ohi takes the metal rack in one hand, picks it up. With the other hand he grabs the rope.]
spokentexts_a11_schatzkammer_kordel2_ex_1_st_1;I think it's a normal rope with a velvet covering.
sequences_a11_schatzkammer_kordel2_ex_1#3;[Ohi goes along to the rope, opens the quick lock from the second metal stand.]
spokentexts_a11_schatzkammer_kordel2_ex_1_st_2;A metallic quick-release fastener connects the cord to the stands.
sequences_a11_schatzkammer_kordel2_ex_1#5;[Ohi lays the metal stand together with cord to the hole.]
spokentexts_a11_schatzkammer_kordel2_ex_3_st_1;Even the heavy metal stands were tossed across the room by the force of the explosion.
sequences_a11_schatzkammer_kordel2_take_1#1;[Ohi takes the metal rack in one hand, picks it up. With the other hand he grabs the rope.]
sequences_a11_schatzkammer_kordel2_take_1#2;[Ohi goes along to the rope, opens the quick lock from the second metal stand.]
sequences_a11_schatzkammer_kordel2_take_1#3;[Ohi lays the metal stand together with cord to the hole.]
sequences_a11_schatzkammer_kordel2_use_1#1;[As soon as you click on the cord, it sticks to the cursor and you can use the cord with the other one.]
sequences_a11_schatzkammer_kordel2_used_mit_kordel2#1;[Ohi takes the two loose ends of the cords and locks them together. Then he pulls them as a test.]
sequences_a11_schatzkammer_kordel2_used_mit_kordel2#3;[Ohi places the cords.]
sequences_a11_schatzkammer_kordel2_used_mit_kordel2#4;"[Out of the two cords is now the object ""rope"" (if it makes sense from the scripting here).]"
texts_a11_schatzkammer_loch_mo_ex_1_2_3a_3b;Examine the hole
texts_a11_schatzkammer_loch_mo_used_mit_seil;Climb down the hole
spokentexts_a11_schatzkammer_kordel1_ex_3_st_1;Looks like a cordon. It survived the explosion.
sequences_a11_schatzkammer_loch_ex_1#1;[Ohi goes to the hole, looks down.]
spokentexts_a11_schatzkammer_loch_ex_1_st_1;Hmm.
spokentexts_a11_schatzkammer_loch_ex_1_st_2;You don't want to go down there, do you?
spokentexts_a11_schatzkammer_loch_ex_1_st_3;That's how the Eye left the treasure chamber.
spokentexts_a11_schatzkammer_loch_ex_1_st_4;Oh no! Uh-uh. No way!
spokentexts_a11_schatzkammer_loch_ex_1_st_5;We've seen enough. The Raven is gone. We need to get Legrand.
sequences_a11_schatzkammer_loch_ex_1#7;[The guard turns around, just wants to lay on his stomach to pass under the door to get outside.]
sequences_a11_schatzkammer_loch_ex_1#8;[In this moment the metal trash can crunches and squeaks and is pressed by the gate. The door closes, is again only about 20cm open.]
sequences_a11_schatzkammer_loch_ex_1#9;[The guard tries to lift it, it does not work. He turns to Ohi, lights at him.]
spokentexts_a11_schatzkammer_loch_ex_1_st_6;Great. Are you happy now?!
spokentexts_a11_schatzkammer_loch_ex_1_st_7_direction;satisfied
spokentexts_a11_schatzkammer_loch_ex_1_st_7;You could say that. Will you give me some light?
sequences_a11_schatzkammer_loch_ex_1#12;[The guard is angry, but then lights back on the hole in the ground.]
spokentexts_a11_schatzkammer_loch_ex_1_st_8_direction;annoyed, discontented
spokentexts_a11_schatzkammer_loch_ex_1_st_8;Hrrrmm. 
spokentexts_a11_schatzkammer_loch_ex_2_st_1;Come on, I can't see!
sequences_a11_schatzkammer_loch_ex_2#2;[The guard comes annoyed to front, approaches the hole and lights in it.]
sequences_a11_schatzkammer_loch_ex_2#3;[Cut down to the basement. You can see in the foreground the fallen glass case, but can not see inside.]
sequences_a11_schatzkammer_loch_ex_2#4;[The beam of light is shining through the hole from the top. The head of the guard nd Ohis head are looking over the edge (idle).]
spokentexts_a11_schatzkammer_loch_ex_2_st_2;There's the display case.
spokentexts_a11_schatzkammer_loch_ex_2_st_3;Is the jewel still in it?
spokentexts_a11_schatzkammer_loch_ex_2_st_4;I can't tell.
spokentexts_a11_schatzkammer_loch_ex_2_st_5_direction;loud
spokentexts_a11_schatzkammer_loch_ex_2_st_5;HELLO?!
sequences_a11_schatzkammer_loch_ex_2#9;[Ohi is shocked, looks at the guard.]
spokentexts_a11_schatzkammer_loch_ex_2_st_6;I hope you don't expect anyone to answer to you...
sequences_a11_schatzkammer_loch_ex_2#11;[Cut back.]
sequences_a11_schatzkammer_loch_ex_2#12;[The guard goes back to its normal place.]
spokentexts_a11_schatzkammer_loch_ex_3b_st_1;I have to find a way to get down safely.
spokentexts_a11_schatzkammer_loch_used_mit_kordeln_st_1;The cord is too short! It'd be no better than jumping.
spokentexts_a11_schatzkammer_loch_used_mit_seil_1_st_1;I'll let myself down into the hole with the rope.
spokentexts_a11_schatzkammer_loch_used_mit_seil_1_st_2;You can't be serious!
spokentexts_a11_schatzkammer_loch_used_mit_seil_1_st_3;This isn't a matter for discussion. I'm going down there. You can join me or stay here.
spokentexts_a11_schatzkammer_loch_used_mit_seil_1_st_4;But... You don't know what - or who - is down there.
spokentexts_a11_schatzkammer_loch_used_mit_seil_1_st_5;That's why I want to go down there! Besides... Maybe I'll find an escape route for us.
spokentexts_a11_schatzkammer_loch_used_mit_seil_1_st_6_direction;Gives up
spokentexts_a11_schatzkammer_loch_used_mit_seil_1_st_6;Pff... All right then. Should... Should I hold the rope?
texts_a11_schatzkammer_sarkophag_mo_ex_1__2;Examine the sarcophagus
spokentexts_a11_schatzkammer_sarkophag_ex_1_st_1;Fortunately the ceiling is quite high and the gate was still ajar.
spokentexts_a11_schatzkammer_sarkophag_ex_1_st_2;Otherwise, nothing in this room would have survived the shock wave.
spokentexts_a11_schatzkammer_sarkophag_ex_2_st_1;It will take a long time to clean and restore everything. And some things are surely lost. Forever.
texts_a11_schatzkammer_seil_mo_ex_1;Improvised rope
texts_a11_schatzkammer_seil_mo_use_1;Use the rope with...
sequences_a11_schatzkammer_seil_use_1#1;[As soon as you click on the rope, it sticks to the cursor.]
texts_a11_schatzkammer_zerstoerung_mo_ex_1__2;Look at the destruction
spokentexts_a11_schatzkammer_zerstoerung_ex_1_st_1;Let's hope that at least some of the artifacts withstood the explosion.
spokentexts_a11_schatzkammer_zerstoerung_ex_2_st_1;Why didn't he just drive through the wall with a tank?
spokentexts_a11_schatzkammer_zerstoerung_ex_2_st_2;Reckless ignoramus.
sequences_a11_schatzkammer_zerstoert_seq_a11_schatzkammer_zerstoert_betreten#0;[Shot in the vicinity of the entrance where the guard comes through just climbed under the door. Ohi is in the foreground, looking past the camera to the off]
sequences_a11_schatzkammer_zerstoert_seq_a11_schatzkammer_zerstoert_betreten#1;[The guard gets up complicated, then turns into the room and freezes. Ohi is already up and also looks into the middle of the room.]
spokentexts_a11_schatzkammer_zerstoert_seq_a11_schatzkammer_zerstoert_betreten_st_1_direction;toneless
spokentexts_a11_schatzkammer_zerstoert_seq_a11_schatzkammer_zerstoert_betreten_st_1;Wow!
spokentexts_a11_schatzkammer_zerstoert_seq_a11_schatzkammer_zerstoert_betreten_st_2;Wow indeed.
sequences_a11_schatzkammer_zerstoert_seq_a11_schatzkammer_zerstoert_betreten#4;[Cut into the room. The player sees the destruction for the first time, including the large hole in the ground where the glass case stood.]
sequences_a11_schatzkammer_zerstoert_seq_a11_schatzkammer_zerstoert_betreten#5;[The guard turns on his flashlight, lights up the room. There is a lot of dust in the air. Finally, he lights up the hole in the ground.]
texts_wachmann_mo_ex_2;Look at Constable Oliver
texts_wachmann_mo_talk_mit_1__2;Talk to Constable Oliver
texts_a11_wachmann_top_a11_wachmann_explosion_tseq_title;Explosion
spokentexts_a11_wachmann_top_a11_wachmann_explosion_tseq_st_1;This explosion was much more intense than the one in London, wasn't it?
spokentexts_a11_wachmann_top_a11_wachmann_explosion_tseq_st_2;You can say that again! Imagine what would have happened if the bomb had gone off tonight.
spokentexts_a11_wachmann_top_a11_wachmann_explosion_tseq_st_3;He didn't risk it. We must have made him nervous.
spokentexts_a11_wachmann_top_a11_wachmann_explosion_tseq_st_4;He couldn't have chosen a better time. Legrand isn't here, there are only a couple of guards and almost no witnesses.
spokentexts_a11_wachmann_top_a11_wachmann_explosion_tseq_st_5;Still, I would have thought he'd wait. Remember the train. Our opponent has a penchant for drama.
spokentexts_a11_wachmann_top_a11_wachmann_explosion_tseq_st_6;He's vain and wants as much publicity as possible.
spokentexts_a11_wachmann_top_a11_wachmann_explosion_tseq_st_7;Even vain people don't want to go to jail.
spokentexts_a11_wachmann_top_a11_wachmann_explosion_tseq_st_8;True enough.
texts_a11_wachmann_top_a11_wachmann_gespraech_beenden_tseq_title;Finish the conversation
spokentexts_a11_wachmann_top_a11_wachmann_gespraech_beenden_tseq_st_1;OK then... So what do we do now?
sequences_a11_wachmann_top_a11_wachmann_gespraech_beenden_tseq#1;[Ohi turns away from the security guard.]
sequences_a11_wachmann_top_a11_wachmann_gespraech_beenden_tseq#2;[The conversation is over.]
texts_a11_wachmann_top_a11_wachmann_ja_festhalten_tseq_title;[Trust constable Oliver.]
spokentexts_a11_wachmann_top_a11_wachmann_ja_festhalten_tseq_st_1;I, err... Yes. Thanks.
sequences_a11_wachmann_top_a11_wachmann_ja_festhalten_tseq#1;"[Ohi goes to the hole, the guard comes after him. Ohi takes the rope, gives it to the guard  and looks at him, ""Let me not fall"".]"
sequences_a11_wachmann_top_a11_wachmann_ja_festhalten_tseq#2;[The guard puts himself in position, Ohi begins to descend the rope.]
texts_a11_wachmann_top_a11_wachmann_lampe01_argument01_tseq_title;RIGHT NOW!
spokentexts_a11_wachmann_top_a11_wachmann_lampe01_argument01_tseq_st_1;I need the lamp. RIGHT NOW!
spokentexts_a11_wachmann_top_a11_wachmann_lampe01_argument01_tseq_st_2;I don't know. It'd be better if we called for backup first.
texts_a11_wachmann_top_a11_wachmann_lampe01_argument02_tseq_title;Raven escapes
spokentexts_a11_wachmann_top_a11_wachmann_lampe01_argument02_tseq_st_1;Do you think this door leads to a dead-end?!
spokentexts_a11_wachmann_top_a11_wachmann_lampe01_argument02_tseq_st_2;With every minute we hesitate, the Raven's trail is getting colder!
spokentexts_a11_wachmann_top_a11_wachmann_lampe01_argument02_tseq_st_3;But... We should take it one step at a time. We're alone and the Raven is dangerous!
texts_a11_wachmann_top_a11_wachmann_lampe01_argument03_tseq_title;That's an order!
spokentexts_a11_wachmann_top_a11_wachmann_lampe01_argument03_tseq_st_1;I order you to hand me the flashlight immediately!
spokentexts_a11_wachmann_top_a11_wachmann_lampe01_argument03_tseq_st_2_direction;outraged / soggy
spokentexts_a11_wachmann_top_a11_wachmann_lampe01_argument03_tseq_st_2;You can't order me to do anything!
texts_a11_wachmann_top_a11_wachmann_lampe02_argument01_tseq_title;Coward
spokentexts_a11_wachmann_top_a11_wachmann_lampe02_argument01_tseq_st_1;You're a coward, Robert.
spokentexts_a11_wachmann_top_a11_wachmann_lampe02_argument01_tseq_st_2_direction;outraged, angry
spokentexts_a11_wachmann_top_a11_wachmann_lampe02_argument01_tseq_st_2;Oh am I?!
spokentexts_a11_wachmann_top_a11_wachmann_lampe02_argument01_tseq_st_3;Who climbed into the burning engine in the tunnel and got it moving?
spokentexts_a11_wachmann_top_a11_wachmann_lampe02_argument01_tseq_st_4;And who saved the little boy?
spokentexts_a11_wachmann_top_a11_wachmann_lampe02_argument01_tseq_st_5;Yes, yes. YOU'RE the hero.
spokentexts_a11_wachmann_top_a11_wachmann_lampe02_argument01_tseq_st_6;So why don't you handle this on your own too, hero?
spokentexts_a11_wachmann_top_a11_wachmann_lampe02_argument01_tseq_st_7;I didn't mean it like that.
texts_a11_wachmann_top_a11_wachmann_lampe02_argument02_tseq_title;Now or never
spokentexts_a11_wachmann_top_a11_wachmann_lampe02_argument02_tseq_st_1;Do you think the Raven is waiting for us?
spokentexts_a11_wachmann_top_a11_wachmann_lampe02_argument02_tseq_st_2;If we don't catch him now, we probably never will.
spokentexts_a11_wachmann_top_a11_wachmann_lampe02_argument02_tseq_st_3;It's been a few minutes since the explosion. He's probably over the hills and far away!
texts_a11_wachmann_top_a11_wachmann_lampe02_argument03_tseq_title;Legrand would act NOW!
spokentexts_a11_wachmann_top_a11_wachmann_lampe02_argument03_tseq_st_1;What would Nicolas Legrand do in this situation? Would he wait for backup and twiddle his thumbs or would he act?
spokentexts_a11_wachmann_top_a11_wachmann_lampe02_argument03_tseq_st_2_direction;insecure, slightly desperate
spokentexts_a11_wachmann_top_a11_wachmann_lampe02_argument03_tseq_st_2;Oh, blast.
texts_a11_wachmann_top_a11_wachmann_lampe03_argument01_tseq_title;Time to show them all!
spokentexts_a11_wachmann_top_a11_wachmann_lampe03_argument01_tseq_st_1;Robert. This is our moment.
spokentexts_a11_wachmann_top_a11_wachmann_lampe03_argument01_tseq_st_2;Time to show them all!
spokentexts_a11_wachmann_top_a11_wachmann_lampe03_argument01_tseq_st_3;When the others arrive, they'll see that we didn't just dare to enter the basement, no, we also found an escape route and opened it.
spokentexts_a11_wachmann_top_a11_wachmann_lampe03_argument01_tseq_st_4;How do you think that will sound on the police report?
spokentexts_a11_wachmann_top_a11_wachmann_lampe03_argument01_tseq_st_5_direction;as he reads
spokentexts_a11_wachmann_top_a11_wachmann_lampe03_argument01_tseq_st_5;"""Constable Oliver and Constable Zellner laid the foundation for the arrest of the Raven with competence and quick-thinking."""
spokentexts_a11_wachmann_top_a11_wachmann_lampe03_argument01_tseq_st_6;That... That would be great but... No. We really should wait for Legrand!
sequences_a11_wachmann_top_a11_wachmann_lampe03_argument01_tseq#8;[Ohi turns frustrated from the hole.]
spokentexts_a11_wachmann_top_a11_wachmann_lampe03_argument01_tseq_st_7_direction;frustrated
spokentexts_a11_wachmann_top_a11_wachmann_lampe03_argument01_tseq_st_7;Argh!
texts_a11_wachmann_top_a11_wachmann_lampe03_argument02_tseq_title;Give a push
spokentexts_a11_wachmann_top_a11_wachmann_lampe03_argument02_tseq_st_1;Come on, Robert!
spokentexts_a11_wachmann_top_a11_wachmann_lampe03_argument02_tseq_st_2;Small decisions can have major effects! You hand me the light and we could both be heroes!
spokentexts_a11_wachmann_top_a11_wachmann_lampe03_argument02_tseq_st_3;Or dead.
spokentexts_a11_wachmann_top_a11_wachmann_lampe03_argument02_tseq_st_4;Robert!
spokentexts_a11_wachmann_top_a11_wachmann_lampe03_argument02_tseq_st_5;I'll be careful!
spokentexts_a11_wachmann_top_a11_wachmann_lampe03_argument02_tseq_st_6;We're lucky we're still alive. And I don't want to push my luck. The light stays with me!
sequences_a11_wachmann_top_a11_wachmann_lampe03_argument02_tseq#8;[Ohi turns frustrated from the hole.]
spokentexts_a11_wachmann_top_a11_wachmann_lampe03_argument02_tseq_st_7_direction;frustrated
spokentexts_a11_wachmann_top_a11_wachmann_lampe03_argument02_tseq_st_7;Argh!
texts_a11_wachmann_top_a11_wachmann_lampe03_argument03_tseq_title;Don't rely on others
spokentexts_a11_wachmann_top_a11_wachmann_lampe03_argument03_tseq_st_1;We can't rely on the others, Robert.
spokentexts_a11_wachmann_top_a11_wachmann_lampe03_argument03_tseq_st_2;You and I! We'll catch the Raven!
spokentexts_a11_wachmann_top_a11_wachmann_lampe03_argument03_tseq_st_3_direction;gloomy
spokentexts_a11_wachmann_top_a11_wachmann_lampe03_argument03_tseq_st_3;I might have believed you once.
spokentexts_a11_wachmann_top_a11_wachmann_lampe03_argument03_tseq_st_4_direction;Gives up
spokentexts_a11_wachmann_top_a11_wachmann_lampe03_argument03_tseq_st_4;He's too smart for us, Zellner. He's better than us. You have to accept that.
spokentexts_a11_wachmann_top_a11_wachmann_lampe03_argument03_tseq_st_5;Should we just give up? Come on, Robert. You can't be serious!
spokentexts_a11_wachmann_top_a11_wachmann_lampe03_argument03_tseq_st_6;He'll always be one step ahead, no matter what we do.
sequences_a11_wachmann_top_a11_wachmann_lampe03_argument03_tseq#8;[Ohi turns frustrated from the hole.]
spokentexts_a11_wachmann_top_a11_wachmann_lampe03_argument03_tseq_st_7_direction;frustrated
spokentexts_a11_wachmann_top_a11_wachmann_lampe03_argument03_tseq_st_7;Argh!
texts_a11_wachmann_top_a11_wachmann_nein_nicht_festhalten_tseq_title;[Don't trust constable Oliver.]
spokentexts_a11_wachmann_top_a11_wachmann_nein_nicht_festhalten_tseq_st_1_direction;thoughtfully
spokentexts_a11_wachmann_top_a11_wachmann_nein_nicht_festhalten_tseq_st_1;Err. No. No.
spokentexts_a11_wachmann_top_a11_wachmann_nein_nicht_festhalten_tseq_st_2;You... take care of the light.
spokentexts_a11_wachmann_top_a11_wachmann_nein_nicht_festhalten_tseq_st_3;Yeah, why not.
sequences_a11_wachmann_top_a11_wachmann_nein_nicht_festhalten_tseq#3;[Ohi takes the metal rack and place it over a narrow slit in the soil. He throws the rope into the hole.]
sequences_a11_wachmann_top_a11_wachmann_nein_nicht_festhalten_tseq#4;[Ohi kneels down, takes up his courage, takes the cord below the ground and slides down into the hole.]
texts_a11_wachmann_top_a11_wachmann_taschenlampe_tseq_title;Flashlight
spokentexts_a11_wachmann_top_a11_wachmann_taschenlampe_tseq_st_1;Would you give me your flashlight?
spokentexts_a11_wachmann_top_a11_wachmann_taschenlampe_tseq_st_2;You can't seriously expect me to say yes!
spokentexts_a11_wachmann_top_a11_wachmann_taschenlampe_tseq_st_3;No, not really.
spokentexts_a11_wachmann_top_a11_wachmann_taschenlampe_tseq_st_4;So at least give me a bit of light!
texts_a11_wachmann_top_a11_wachmann_verstaerkung_tseq_title;Backup
spokentexts_a11_wachmann_top_a11_wachmann_verstaerkung_tseq_st_1;It seems like the question of backup has been settled. We can't open the door from the inside.
spokentexts_a11_wachmann_top_a11_wachmann_verstaerkung_tseq_st_2;The director will surely contact Legrand. He'll be outside the door with a full squad in no time!
spokentexts_a11_wachmann_top_a11_wachmann_verstaerkung_tseq_st_3;I wouldn't bet on it. The thief was in the guardroom and knocked out the guard... What was he up to there?
spokentexts_a11_wachmann_top_a11_wachmann_verstaerkung_tseq_st_4;He didn't disable the alarm. Maybe the phone lines?
spokentexts_a11_wachmann_top_a11_wachmann_verstaerkung_tseq_st_5;Someone will notice the metal shutters on the windows!
spokentexts_a11_wachmann_top_a11_wachmann_verstaerkung_tseq_st_6;Sooner or later, sure. Until they do, we have time to solve the case.
texts_wachmann_top_a11_wachmann_hinabsteigen_tseq_title;Go down
sequences_wachmann_top_a11_wachmann_hinabsteigen_tseq#0;[See hole with rope use sequence]
spokentexts_wachmann_ex_1_st_1;This is the third time that a flashlight would have come in handy.
spokentexts_wachmann_ex_1_st_2_direction;dissatisfied with himself
spokentexts_wachmann_ex_1_st_2;A flashlight! Is it so difficult to pack a flashlight?
spokentexts_wachmann_ex_2_st_1;This is it. The grand finale with Constable Oliver at my side.
spokentexts_wachmann_ex_2_st_2;I'd rather have another partner for this dance. But it could be worse. I guess.
spokentexts_wachmann_talk_mit_1_st_1;What do you think about this?
spokentexts_wachmann_talk_mit_1_st_2;Right mess.
spokentexts_wachmann_talk_mit_1_st_3_direction;affirmative
spokentexts_wachmann_talk_mit_1_st_3;You can say that again.
sequences_wachmann_talk_mit_1#4;[Continue with the dialogue between Ohi and the guard.]
spokentexts_wachmann_talk_mit_2_st_1;Constable?
spokentexts_wachmann_talk_mit_2_st_2_direction;'Yes, what?'
spokentexts_wachmann_talk_mit_2_st_2;Hmm?
sequences_wachmann_talk_mit_2#3;[Continue with the dialogue between Ohi and the guard.]
texts_butler_top_a11_butler_charakter_des_raben_tseq_title;Raven's character
spokentexts_butler_top_a11_butler_charakter_des_raben_tseq_st_1;How could you change so much? The Raven was a... gentleman thief!
spokentexts_butler_top_a11_butler_charakter_des_raben_tseq_st_2;The common people were on his side, not on the side of the police! They liked him because his heists were clever and, in the end, harmless.
spokentexts_butler_top_a11_butler_charakter_des_raben_tseq_st_3;A shock, isn't it? The good Raven, the clever Raven, the... harmless Raven. Nothing more than a ruthless criminal.
spokentexts_butler_top_a11_butler_charakter_des_raben_tseq_st_4;That's what all the newspapers say. Now and for all time.
spokentexts_butler_top_a11_butler_charakter_des_raben_tseq_st_5;But why? Why ruin your own reputation?
spokentexts_butler_top_a11_butler_charakter_des_raben_tseq_st_6;I'm correcting things, Constable Zellner. And I enjoy it, believe me.
spokentexts_butler_top_a11_butler_charakter_des_raben_tseq_st_7_direction;uncomprehendingly
spokentexts_butler_top_a11_butler_charakter_des_raben_tseq_st_7;But...
spokentexts_butler_top_a11_butler_charakter_des_raben_tseq_st_8;Enough.
texts_butler_top_a11_butler_diebstahl_des_auges_tseq_title;Theft of the second Eye
spokentexts_butler_top_a11_butler_diebstahl_des_auges_tseq_st_1;Why did you steal the second Eye here and not while it was in transit?
spokentexts_butler_top_a11_butler_diebstahl_des_auges_tseq_st_2;Why did you want to steal the second Eye here?
spokentexts_butler_top_a11_butler_diebstahl_des_auges_tseq_st_3;The Eye was in the bank in Zurich for a long time, impossible to get at. Then the safe on the ship, in Legrand's cabin - too complicated.
spokentexts_butler_top_a11_butler_diebstahl_des_auges_tseq_st_4;I heard about the secret basement and found out how the security system worked.
spokentexts_butler_top_a11_butler_diebstahl_des_auges_tseq_st_5;I would have preferred to save my performance for the gala this evening. But... well. Events demanded a change of schedule.
spokentexts_butler_top_a11_butler_diebstahl_des_auges_tseq_st_6;Not least because of you, my nosy friend.
texts_butler_top_a11_butler_explosion_im_zug_tseq_title;Explosion on the train
spokentexts_butler_top_a11_butler_explosion_im_zug_tseq_st_1;The bomb on the train... Since when does the Raven risk human lives?
spokentexts_butler_top_a11_butler_explosion_im_zug_tseq_st_2;And the bomb on the train? Did you want to kill us all?
spokentexts_butler_top_a11_butler_explosion_im_zug_tseq_st_3;I knew that Legrand would be hot on my heels after the heist in London.
spokentexts_butler_top_a11_butler_explosion_im_zug_tseq_st_4;He's a dangerous man, Mr. Zellner. He almost caught me once.
spokentexts_butler_top_a11_butler_explosion_im_zug_tseq_st_5;Is that a reason to resort to murder?
spokentexts_butler_top_a11_butler_explosion_im_zug_tseq_st_6;It wasn't my only reason. An eye for an eye, Constable Zellner.
texts_butler_top_a11_butler_mord_an_baronin_tseq_title;Murder of baroness
spokentexts_butler_top_a11_butler_mord_an_baronin_tseq_st_1;You didn't have anything to do with the murder of the baroness?
spokentexts_butler_top_a11_butler_mord_an_baronin_tseq_st_2;What about the murder of the baroness? Was that also your doing?
spokentexts_butler_top_a11_butler_mord_an_baronin_tseq_st_3;The death of the baroness was never part of the plan. Dr. Gebhardt had a score to settle with her and got in my way.
spokentexts_butler_top_a11_butler_mord_an_baronin_tseq_st_4;You didn't care about the key to the safe?
spokentexts_butler_top_a11_butler_mord_an_baronin_tseq_st_5;I never wanted to steal the Eye out of the safe. I always intended to strike here in the museum.
spokentexts_butler_top_a11_butler_mord_an_baronin_tseq_st_6;What about Gebhardt's confession?
spokentexts_butler_top_a11_butler_mord_an_baronin_tseq_st_7;A nice idea, don't you think? It keeps the inspector out of my hair... For a few more hours at least, until everything collapses like a house of cards.
texts_butler_top_a11_butler_raten_butler_tseq_title;...Mr. Alfred Inch!
spokentexts_butler_top_a11_butler_raten_butler_tseq_st_1;Mr. Inch.
spokentexts_butler_top_a11_butler_raten_butler_tseq_st_2;Amazing. Truly amazing.
sequences_butler_top_a11_butler_raten_butler_tseq#2;[The butler comes out of the darkness, he turns to the light.]
sequences_butler_top_a11_butler_raten_butler_tseq#3;[The Butler indictaes a bow.]
texts_butler_top_a11_butler_raten_doktor_tseq_title;...Dr. Emil Gebhardt!
spokentexts_butler_top_a11_butler_raten_doktor_tseq_st_1;...Dr. Gebhardt
spokentexts_butler_top_a11_butler_raten_doktor_tseq_st_2;Gebhardt? Are you trying to insult me?
sequences_butler_top_a11_butler_raten_doktor_tseq#2;"[Continue with the sequence: ""Falsch_geraten"".]"
texts_butler_top_a11_butler_raten_ermittler_tseq_title;...Inspector Nicolas Legrand!
spokentexts_butler_top_a11_butler_raten_ermittler_tseq_st_1;... Inspector Legrand
spokentexts_butler_top_a11_butler_raten_ermittler_tseq_st_2_direction;cheers
spokentexts_butler_top_a11_butler_raten_ermittler_tseq_st_2;Legrand? Ha! Wouldn't it be easy if I could lay it all on his shoulders.
texts_butler_top_a11_butler_raten_geiger_tseq_title;...Maestro David Kreutzer!
spokentexts_butler_top_a11_butler_raten_geiger_tseq_st_1;...Mr. Kreutzer.
spokentexts_butler_top_a11_butler_raten_geiger_tseq_st_2_direction;cheers
spokentexts_butler_top_a11_butler_raten_geiger_tseq_st_2;Kreutzer? That petty little thief?
texts_butler_top_a11_butler_raten_professor_tseq_title;...Professor Edgar Lucien!
spokentexts_butler_top_a11_butler_raten_professor_tseq_st_1;...Professor Lucien.
spokentexts_butler_top_a11_butler_raten_professor_tseq_st_2;Ah, the professor. He might have made things difficult for me if I'd wanted to steal the second Eye on the ship.
sequences_butler_top_a11_butler_raten_professor_tseq#2;"[Continue with the sequence: ""Falsch_geraten"".]"
texts_butler_top_a11_butler_wie_war_das_moeglich_tseq_title;How did you do it?
spokentexts_butler_top_a11_butler_wie_war_das_moeglich_tseq_st_1;How did you do it? How did you plant the message on the safe in the train? How did you know that Gebhardt killed the baroness?
spokentexts_butler_top_a11_butler_wie_war_das_moeglich_tseq_st_2;And the demolition charge below the treasure chamber. How... How did you manage it all? Even if your arm isn't lame...
spokentexts_butler_top_a11_butler_wie_war_das_moeglich_tseq_st_3;Oh, it is. Believe me.
spokentexts_butler_top_a11_butler_wie_war_das_moeglich_tseq_st_4;I needed help, it's true. A messenger boy to replace my arms and legs.
sequences_butler_top_a11_butler_wie_war_das_moeglich_tseq#4;[The Arab appears in the opening in the ground, climbs out of it.]
spokentexts_butler_top_a11_butler_wie_war_das_moeglich_tseq_st_5;A messenger boy?
sequences_butler_top_a11_butler_wie_war_das_moeglich_tseq#6;[Butler looks at the Arab.]
spokentexts_butler_top_a11_butler_wie_war_das_moeglich_tseq_st_6;Ah! Adil.
spokentexts_butler_top_a11_butler_wie_war_das_moeglich_tseq_st_7;This could be interesting.
spokentexts_butler_top_a11_butler_wie_war_das_moeglich_tseq_st_8_direction;to Ohi
spokentexts_butler_top_a11_butler_wie_war_das_moeglich_tseq_st_8;He's quite talented - but unreliable. 
sequences_butler_top_a11_butler_wie_war_das_moeglich_tseq#24;[The butler looked sharply at the Arab.]
spokentexts_butler_top_a11_butler_wie_war_das_moeglich_tseq_st_14;He has a mind of his own. His own plans. Don't you, Adil?
sequences_butler_top_a11_butler_wie_war_das_moeglich_tseq#9;[The Arab pulls the guard's gun, aimes at the Butler.]
spokentexts_butler_top_a11_butler_wie_war_das_moeglich_tseq_st_9;I never wanted blood to be shed.
spokentexts_butler_top_a11_butler_wie_war_das_moeglich_tseq_st_15;But it's time to make an exception.
sequences_butler_top_a11_butler_wie_war_das_moeglich_tseq#12;[The Arab targets on one leg of the Butler, pulls the trigger. Nothing. Surprised, he tried it again. Again nothing. No shot.]
spokentexts_butler_top_a11_butler_wie_war_das_moeglich_tseq_st_10;Tsk tsk tsk.
sequences_butler_top_a11_butler_wie_war_das_moeglich_tseq#14;[The butler is aiming at the Arab, the Arab let fearful the weapon fall.]
spokentexts_butler_top_a11_butler_wie_war_das_moeglich_tseq_st_11;He only forgot one thing.
spokentexts_butler_top_a11_butler_wie_war_das_moeglich_tseq_st_12;I keep things firmly in hand! Always.
spokentexts_butler_top_a11_butler_wie_war_das_moeglich_tseq_st_13;End of story.
sequences_butler_top_a11_butler_wie_war_das_moeglich_tseq#18;[The Butler turns the weapon in Ohis direction.]
sequences_butler_top_a11_butler_wie_war_das_moeglich_tseq#19;[Cut to the outside view of the museum.]
sequences_butler_top_a11_butler_wie_war_das_moeglich_tseq#20;[A shot.]
sequences_butler_top_a11_butler_wie_war_das_moeglich_tseq#21;[Some pigeons are flying scared from the roof of the museum.]
sequences_butler_top_a11_butler_wie_war_das_moeglich_tseq#22;[*** END OF SECTION *** PLEASE START SECTION 12  *** END OF SECTION ***]
texts_direktor_mo_talk_mit_1-3;Talk to Director Mokhtar
texts_direktor_top_a11_direktor_falsches_pferd_tseq_title;Don't bet on the wrong horse.
spokentexts_direktor_top_a11_direktor_falsches_pferd_tseq_st_1;If you count on the constable, you're backing the wrong horse.
spokentexts_direktor_top_a11_direktor_falsches_pferd_tseq_st_2;He's Legrand's man!
spokentexts_direktor_top_a11_direktor_falsches_pferd_tseq_st_3;Did you ever think about the fact that he's the only one who was present at both burglaries?
spokentexts_direktor_top_a11_direktor_falsches_pferd_tseq_st_4_direction;irritated, worried
spokentexts_direktor_top_a11_direktor_falsches_pferd_tseq_st_4;Ohhh...
sequences_direktor_top_a11_direktor_falsches_pferd_tseq#4;[Dialogue is finished.]
texts_direktor_top_a11_direktor_geheimgaenge_tseq_title;Secret passages
spokentexts_direktor_top_a11_direktor_geheimgaenge_tseq_st_1;Hidden rooms, secret basements... What are they doing here?
spokentexts_direktor_top_a11_direktor_geheimgaenge_tseq_st_2;The museum was built in 1900 by a Frenchman who had a penchant for such things.
spokentexts_direktor_top_a11_direktor_geheimgaenge_tseq_st_3;Mystical torchlight ceremonies celebrating the builders of old? Freemasons? Things like that?
spokentexts_direktor_top_a11_direktor_geheimgaenge_tseq_st_4;Many great buildings have complicated histories.
spokentexts_direktor_top_a11_direktor_geheimgaenge_tseq_st_5;And today we're going to write a new chapter.
texts_direktor_top_a11_direktor_keller_tseq_title;The basement
spokentexts_direktor_top_a11_direktor_keller_tseq_st_1;The basement below the treasure chamber... Did you know about it?
spokentexts_direktor_top_a11_direktor_keller_tseq_st_2;I had no idea!
spokentexts_direktor_top_a11_direktor_keller_tseq_st_3;There are maps and drawings from the Second World War in the room. Why?
spokentexts_direktor_top_a11_direktor_keller_tseq_st_4;Well... It may have had something to do with the resistance.
spokentexts_direktor_top_a11_direktor_keller_tseq_st_5;Resistance?
spokentexts_direktor_top_a11_direktor_keller_tseq_st_6;Egypt was occupied by the British. There was a movement for independence.
spokentexts_direktor_top_a11_direktor_keller_tseq_st_7;The Egyptians collaborated with the Nazis?
spokentexts_direktor_top_a11_direktor_keller_tseq_st_8;No. But the enemy of my enemy...
spokentexts_direktor_top_a11_direktor_keller_tseq_st_9;So the rebels reported information to the Nazis? And for that they needed secret command posts.
spokentexts_direktor_top_a11_direktor_keller_tseq_st_10;Yes. And what would be of more symbolic importance than the Egyptian Museum? Witness to five thousand years of Egyptian independence.
texts_direktor_top_a11_direktor_nicht_aufhalten_tseq_title;Don't get held up.
spokentexts_direktor_top_a11_direktor_nicht_aufhalten_tseq_st_1;You won't stop me.
spokentexts_direktor_top_a11_direktor_nicht_aufhalten_tseq_st_2;"Someone razed your museum to the ground and I'm your best shot at putting a stop to that ""someone""."
spokentexts_direktor_top_a11_direktor_nicht_aufhalten_tseq_st_3_direction;faint, derisive laughter
spokentexts_direktor_top_a11_direktor_nicht_aufhalten_tseq_st_3;Ha!
sequences_direktor_top_a11_direktor_nicht_aufhalten_tseq#3;[Dialogue is finished.]
texts_direktor_top_a11_direktor_schriftzeichen_tseq_title;Arabic writing
spokentexts_direktor_top_a11_direktor_schriftzeichen_tseq_st_1;I found this Arabic writing. What does it mean?
sequences_direktor_top_a11_direktor_schriftzeichen_tseq#1;[Ohio takes out his notebook, shows it to the director.]
spokentexts_direktor_top_a11_direktor_schriftzeichen_tseq_st_2;It's says: the Sons of Horus.
spokentexts_direktor_top_a11_direktor_schriftzeichen_tseq_st_3;And that means...?
spokentexts_direktor_top_a11_direktor_schriftzeichen_tseq_st_4_direction;weak
spokentexts_direktor_top_a11_direktor_schriftzeichen_tseq_st_4;Is this really the time to discuss history?
spokentexts_direktor_top_a11_direktor_schriftzeichen_tseq_st_5;It's important.
spokentexts_direktor_top_a11_direktor_schriftzeichen_tseq_st_6_direction;Gives up
spokentexts_direktor_top_a11_direktor_schriftzeichen_tseq_st_6;*sigh* The Sons of Horus played an important part in the burial ritual.
spokentexts_direktor_top_a11_direktor_schriftzeichen_tseq_st_7;Four sons, four canopic jars. Vessels, in which the liver, lungs, stomach and intestines of the body were stored.
spokentexts_direktor_top_a11_direktor_schriftzeichen_tseq_st_8;Are the four connected to symbols?
spokentexts_direktor_top_a11_direktor_schriftzeichen_tseq_st_9;A man, baboon, jackal and falcon. Look downstairs in the main hall.
sequences_direktor_top_a11_direktor_schriftzeichen_tseq#10;[The director points weakly and vaguely in the direction of the great hall.]
spokentexts_direktor_top_a11_direktor_schriftzeichen_tseq_st_10;Sons of Horus, vessels and intestines. Got it.
texts_direktor_top_a11_direktor_verabschieden_erstmalig_tseq_title;Say goodbye
spokentexts_direktor_top_a11_direktor_verabschieden_erstmalig_tseq_st_1;It's going to be OK. Wait here.
spokentexts_direktor_top_a11_direktor_verabschieden_erstmalig_tseq_st_2;Where is the constable anyway?
spokentexts_direktor_top_a11_direktor_verabschieden_erstmalig_tseq_st_3;He's guarding the treasure chamber.
spokentexts_direktor_top_a11_direktor_verabschieden_erstmalig_tseq_st_4;He... He told me to call for backup if he doesn't come back in about five minutes. And that I shouldn't trust you.
texts_direktor_top_a11_direktor_verabschieden_tseq_title;Say goodbye
spokentexts_direktor_top_a11_direktor_verabschieden_tseq_st_1;Oh... nothing.
spokentexts_direktor_top_a11_direktor_verabschieden_tseq_st_2;Thanks for your help. Don't do anything until I tell you to!
spokentexts_direktor_top_a11_direktor_verabschieden_tseq_st_3;This is my museum and I'll open the gates as soon as help arrives.
spokentexts_direktor_top_a11_direktor_verabschieden_tseq_st_4_direction;disapproving
spokentexts_direktor_top_a11_direktor_verabschieden_tseq_st_4;Hmm.
spokentexts_direktor_ex_1_st_1;Did he really not know about the room below the treasure chamber?
spokentexts_direktor_ex_1_st_2;It's hard to believe that despite all the construction work in this building, he never wondered what's located beneath the gallery.
spokentexts_direktor_talk_mit_1_st_1;Director Mokhtar?
sequences_direktor_talk_mit_1#2;[The director takes down his hands, lookins weak up.]
spokentexts_direktor_talk_mit_1_st_2_direction;weak
spokentexts_direktor_talk_mit_1_st_2;Isn't it about time to open the gates?
spokentexts_direktor_talk_mit_1_st_3;I don't believe that the police have arrived yet. We can't risk giving the Raven a means of escape.
spokentexts_direktor_talk_mit_1_st_4_direction;weak, resigned
spokentexts_direktor_talk_mit_1_st_4;That monster is surely long gone by now.
spokentexts_direktor_talk_mit_1_st_5;Perhaps not. I have a lead.
spokentexts_direktor_talk_mit_1_st_6_direction;weak
spokentexts_direktor_talk_mit_1_st_6;Do your best. As soon as the police have surrounded the building, I'll open the gates.
spokentexts_direktor_talk_mit_1_st_7;Very well, Director.
sequences_direktor_talk_mit_1#9;[Ohi indicates a slight bow.]
spokentexts_direktor_talk_mit_2_st_1;Director Mokhtar?
sequences_direktor_talk_mit_2#2;[The director takes down his hands, lookins weak up.]
spokentexts_direktor_talk_mit_2_st_2_direction;weak
spokentexts_direktor_talk_mit_2_st_2;Yes?
spokentexts_direktor_talk_mit_3_st_1;I'd better leave him be if I don't have an important question.
texts_text_zurschatzkammer;Go to the rear area
texts_text_zudefault_mo;Go to the front area